ID,area,pop,dens_pop,lon,lat,r_cbd,d_av,Oi,Dj,dens_Oi,dens_Dj
1,0.431998531,9481,21946.8339,-43.193688,-22.900185,7715.651431,4.966675402,405,49,937.5031886,113.4263117
10,0.517467955,16530,31944.00707,-43.182127,-22.933803,7718.405037,9.809680181,691,625,1335.34839,1207.80426
100,3.157795629,7134,2259.170902,-43.206911,-22.972265,7723.371795,8.184431713,283,173,89.61947931,54.78505272
101,0.531222903,8591,16172.11899,-43.201807,-22.964102,7722.325153,9.102059041,458,933,862.1616226,1756.324877
102,0.32814732,3820,11641.11291,-43.211844,-22.9627,7722.666909,8.370655855,161,316,490.6332929,962.9821152
103,0.907073287,1972,2174.024998,-43.219684,-22.972062,7723.962224,6.779268031,140,410,154.3425455,452.0031689
104,0.782304099,7833,10012.73036,-43.211679,-22.959475,7722.341886,5.984797343,225,66,287.6119405,84.36616922
106,3.023543749,16417,5429.721335,-43.239404,-22.980752,7725.759367,9.833731158,720,1046,238.1311666,345.951667
107,1.958957216,12788,6527.962887,-43.240881,-22.995005,7727.231379,7.917925565,473,185,241.4549926,94.43799922
108,7.659999323,10980,1433.420492,-43.255863,-23.001825,7728.618204,11.54034955,537,739,70.10444483,96.47520434
109,0.493861192,368,745.1486485,-43.182746,-22.904816,7715.583783,9.18840881,282,3105,571.0106491,6287.191722
11,6.275244335,30112,4798.538255,-43.529824,-22.894245,7731.201698,10.52279762,1220,363,194.4147407,57.84635316
110,0.533308528,1364,2557.618953,-43.183366,-22.898573,7714.999447,14.74414998,351,1873,658.1556103,3512.038342
111,0.602748684,15,24.88599376,-43.174235,-22.897182,7714.426216,8.657408067,26,296,43.13572252,491.0836103
112,0.308985509,22,71.20075018,-43.175768,-22.90325,7715.096269,9.338193443,258,2624,834.9906157,8492.307658
113,1.49189765,79,52.95269418,-43.16597,-22.90981,7715.2733,9.547729431,184,1243,123.3328573,833.1670743
114,0.281794894,288,1022.019938,-43.174212,-22.909256,7715.612611,8.549049359,236,2762,837.4885601,9801.455097
115,0.26704382,3217,12046.71201,-43.177367,-22.913134,7716.144779,10.76415976,187,827,700.2596041,3096.870014
116,0.469408305,828,1763.922774,-43.18047,-22.909493,7715.934975,9.909594483,227,2339,483.5875238,4982.868803
117,0.283828,8265,29119.7486,-43.186789,-22.910626,7716.348413,12.04212172,353,631,1243.710981,2223.177419
118,0.513095938,3991,7778.272452,-43.191971,-22.907946,7716.332559,11.34584323,822,1931,1602.039578,3763.428741
119,0.354695668,529,1491.419401,-43.192989,-22.904055,7715.998584,10.38376729,34,65,95.85682349,183.255692
12,4.914601995,31911,6493.09955,-43.595334,-22.918276,7736.717657,13.52825675,1043,355,212.2247134,72.23372317
120,0.362490428,19621,54128.32589,-43.18822,-22.913474,7716.696895,10.06764326,992,1680,2736.623989,4634.605142
121,0.332947606,6112,18357.24267,-43.243035,-22.937683,7721.698566,6.629451297,257,38,771.893221,114.1320716
123,10.878168,6063,557.354878,-43.283905,-22.957762,7725.628338,9.095008772,268,323,24.63650129,29.69249969
124,0.487468686,444,910.8277371,-43.270296,-22.960177,7725.214313,8.996536157,35,60,71.79948378,123.0848293
125,1.524072469,2702,1772.881575,-43.276433,-22.974978,7726.962933,10.50229183,102,28,66.92595138,18.37182979
126,0.743341764,8110,10910.19016,-43.213286,-22.910923,7717.644487,7.782718784,701,1631,943.038632,2194.145519
127,0.471452516,10422,22106.14993,-43.218667,-22.916797,7718.479417,10.73505167,438,289,929.0437218,612.9991681
129,0.358730969,10186,28394.5376,-43.246902,-22.932782,7721.401759,8.475240123,373,153,1039.776411,426.503461
13,3.385541388,32694,9656.948846,-43.59194,-22.901796,7734.937434,11.29302449,1502,1273,443.6513478,376.0107629
131,0.613123942,12348,20139.48431,-43.226334,-22.920855,7719.245136,6.85514532,550,533,897.0453813,869.318524
132,0.404329423,10622,26270.65804,-43.232739,-22.9213,7719.595288,7.423776912,622,1243,1538.349586,3074.225941
133,0.269646726,9207,34144.67568,-43.216327,-22.922106,7718.889521,8.036706299,362,201,1342.497295,745.4197687
134,0.40635689,12305,30281.26335,-43.221038,-22.925637,7719.462011,8.656347153,553,580,1360.872705,1427.316761
137,0.764595317,21433,28031.82222,-43.231894,-22.928575,7720.27013,8.889819775,995,1260,1301.342001,1647.930574
138,0.376435618,8482,22532.40555,-43.237304,-22.933784,7721.041065,8.679794083,336,255,892.5829125,677.4066747
139,0.295220836,8221,27846.95046,-43.237975,-22.926592,7720.366079,19.1247831,13460,335,45592.98786,1134.743754
14,4.746167682,35753,7533.025041,-43.612125,-22.895404,7735.284625,12.15201166,1499,572,315.8337632,120.5182872
140,0.484777749,15497,31967.22628,-43.242188,-22.929154,7720.81953,7.873765611,672,701,1386.202236,1446.023464
141,0.617587545,13094,21201.85246,-43.222446,-22.913474,7718.333441,8.612127098,648,889,1049.243958,1439.472036
142,1.01886361,13349,13101.85177,-43.232405,-22.913244,7718.787269,8.14847277,710,992,696.8548025,973.6337522
143,0.99815715,29012,29065.56348,-43.254533,-22.913338,7719.855509,5.82883788,1180,479,1182.178578,479.8843551
144,0.326024096,6182,18961.78867,-43.242393,-22.916055,7719.541557,7.098129774,294,428,901.7738383,1312.786404
145,0.774411763,16536,21352.98144,-43.243591,-22.912068,7719.206929,6.26500639,717,620,925.8640358,800.6076739
146,0.368307993,9444,25641.58307,-43.256271,-22.918072,7720.404069,2.971312594,464,96,1259.815178,260.6514162
147,0.407909842,14486,35512.74937,-43.238811,-22.920844,7719.840969,6.54929643,662,525,1622.907641,1287.049111
148,0.339818743,6543,19254.38234,-43.243745,-22.918542,7719.850754,7.658329535,225,17,662.1176871,50.02666969
149,0.716801486,17159,23938.28744,-43.247883,-22.922646,7720.452242,7.27619795,761,529,1061.660746,738.0007027
150,1.520341813,20518,13495.64935,-43.256065,-22.932117,7721.774877,8.026173808,931,923,612.3622937,607.1003191
151,1.032808503,23591,22841.60126,-43.259257,-22.926074,7721.333613,7.454031017,1103,987,1067.961773,955.6466637
152,4.708414122,17329,3680.432424,-43.272317,-22.929943,7722.339149,7.38973981,845,951,179.4659472,201.9788352
153,2.614762486,22483,8598.486524,-43.243462,-22.880749,7716.12189,7.539207843,1277,1678,488.3808785,641.7408881
154,0.305613606,13887,45439.73087,-43.252486,-22.879943,7716.474761,6.437564512,538,72,1760.392829,235.5916053
155,0.89216819,17627,19757.48542,-43.254518,-22.852643,7713.888624,5.573056903,1090,1940,1221.74273,2174.477887
156,0.629634635,9317,14797.4706,-43.262308,-22.857886,7714.777187,5.372713104,581,845,922.7573704,1342.048155
158,0.762149644,5932,7783.248404,-43.257878,-22.869049,7715.662178,7.994546467,426,642,558.9453507,842.3542609
159,1.484764739,12409,8357.553002,-43.25189,-22.86417,7714.895774,6.386326002,1493,3046,1005.546509,2051.503461
161,0.447158376,3844,8596.506755,-43.252629,-22.844133,7712.961652,9.433333484,345,604,771.5387176,1350.751842
162,1.827727626,33552,18357.22102,-43.277275,-22.851326,7714.849724,6.91084512,1511,961,826.7096137,525.7895028
163,1.508388725,19217,12740.08462,-43.262152,-22.842256,7713.23348,7.827798144,989,1148,655.6665293,761.0770228
166,1.316039201,18191,13822.53658,-43.282391,-22.843697,7714.345235,7.977993219,902,1052,685.3899181,799.3682858
167,1.932464509,23201,12005.9126,-43.273125,-22.836155,7713.159809,7.568416904,1227,1436,634.9405096,743.0925605
168,1.51338825,403,266.2898962,-43.26613,-22.829196,7712.140556,18.40862528,22,15,14.53691741,9.911534598
169,1.791617765,7119,3973.503801,-43.276411,-22.818663,7711.598319,7.868710907,469,787,261.7745867,439.2678033
17,14.67639823,28169,1919.340124,-43.639761,-22.876487,7734.764208,15.73123112,1341,831,91.37119197,56.62152165
170,0.872486449,9097,10426.52297,-43.282035,-22.831042,7713.084523,7.794110488,661,1098,757.6048897,1258.472268
171,2.038085075,30104,14770.72786,-43.295857,-22.842906,7714.913228,6.884938028,1436,934,704.5829527,458.2733133
173,1.868924654,18818,10068.89173,-43.212501,-22.929676,7719.450925,8.562822312,648,136,346.7234479,72.7691187
174,0.931307419,14535,15607.09138,-43.20364,-22.928894,7718.950393,9.597419868,536,410,575.5349832,440.2413118
175,0.447071344,7348,16435.85547,-43.20514,-22.922723,7718.415272,7.482553448,507,1356,1134.047186,3033.072947
177,1.142584534,14674,12842.81343,-43.309475,-22.834655,7714.755738,6.438689536,762,759,666.9090794,664.2834531
178,0.686318375,10610,15459.29758,-43.295118,-22.831287,7713.73605,5.515829093,886,1267,1290.946056,1846.082001
179,1.13703854,19127,16821.7693,-43.286485,-22.825661,7712.769138,5.778757494,792,336,696.5463108,295.5044955
18,2.823215157,26519,9393.191282,-43.638896,-22.920147,7739.003592,15.03164517,1194,1522,422.9220706,539.1016679
180,1.428008022,1380,966.3811256,-43.281146,-22.810662,7711.039136,7.560550823,453,1211,317.2251086,848.0344515
181,0.931078125,6865,7373.172901,-43.307931,-22.820611,7713.301765,7.307216295,476,647,511.2352951,694.8933528
182,0.280025175,2463,8795.637749,-43.297772,-22.81722,7712.481121,6.431982248,482,880,1721.27381,3142.574592
183,1.086518721,14568,13407.96041,-43.295445,-22.811489,7711.806346,1.800098206,353,91,324.8908585,83.75373405
184,0.948965118,23607,24876.57295,-43.292055,-22.82105,7712.583198,0.889700292,768,197,809.3026657,207.594564
185,1.376966106,20106,14601.6666,-43.30442,-22.825919,7713.654835,5.685242709,762,91,553.3905275,66.08732022
186,3.417305815,41539,12155.4822,-43.310214,-22.809126,7712.282904,6.97163419,1929,1167,564.4797699,341.4970925
187,1.948170711,25218,12944.45084,-43.323479,-22.810054,7713.010848,7.701890748,1198,808,614.9358439,414.7480483
188,0.857748253,7586,8844.086798,-43.263367,-22.88278,7717.274757,6.49598335,438,548,510.6393379,638.882094
189,1.151794335,15729,13656.08384,-43.262118,-22.873652,7716.317723,4.092277863,276,181,239.6261136,157.1461107
190,0.727946533,6237,8567.936951,-43.271385,-22.877504,7717.140288,5.122129462,699,1440,960.2353582,1978.167261
191,0.270976476,2553,9421.482047,-43.275103,-22.881396,7717.70095,9.581069057,99,107,365.3453673,394.8682252
192,0.384526891,6820,17736.08079,-43.270315,-22.882081,7717.538883,6.307452551,281,54,730.768138,140.4323112
193,1.069600913,12935,12093.29559,-43.284821,-22.877496,7717.783334,5.545963858,1045,2048,976.9999143,1914.732846
194,0.916386403,19305,21066.44091,-43.273808,-22.870827,7716.600138,3.112727681,702,113,766.0523966,123.3104285
195,0.976076728,14471,14825.67874,-43.282142,-22.866426,7716.567004,5.972514697,646,468,661.8332159,479.4705032
196,0.686116405,5437,7924.311326,-43.286659,-22.87059,7717.192731,6.721292335,400,661,582.9914531,963.3933762
197,1.889899988,17629,9328.006833,-43.294222,-22.861673,7716.679002,8.764675008,762,270,403.1959389,142.8647028
199,1.37191109,17629,12849.95808,-43.306747,-22.868588,7717.959094,7.099048889,785,429,572.1945145,312.7024799
2,0.610568697,9865,16157.06807,-43.2028,-22.904058,7716.467978,11.77216812,578,660,946.6584229,1080.959445
20,3.297578068,28011,8494.41603,-43.628406,-22.927653,7739.233227,28.17060439,600,57,181.9517196,17.28541336
201,0.665866727,8307,12475.46943,-43.243439,-22.904154,7718.421641,9.503350959,249,47,373.9487045,70.58469523
203,0.449862905,4614,10256.45802,-43.249616,-22.90439,7718.740515,6.888009668,543,1401,1207.034397,3114.282118
204,0.592642959,7092,11966.73291,-43.254983,-22.905882,7719.144115,6.53980615,338,415,570.3265263,700.2529835
206,0.678157569,5680,8375.634606,-43.255524,-22.892114,7717.816629,5.779881493,468,748,690.1051049,1102.988501
207,0.468851837,8710,18577.29739,-43.260239,-22.897994,7718.620396,5.002742374,350,97,746.5044876,206.8883866
208,0.496397357,4494,9053.231114,-43.260518,-22.905661,7719.387397,5.328904361,138,39,278.0030916,78.56609111
210,0.308141762,4346,14103.89807,-43.19847,-22.911741,7717.016454,8.175122878,172,104,558.1846454,337.5069949
211,0.628549544,1040,1654.603062,-43.203195,-22.90921,7716.993482,11.23320886,340,1269,540.9279241,2018.933928
212,0.914078037,16834,18416.37073,-43.204113,-22.916474,7717.751676,11.5632358,788,881,862.0708172,963.8126776
213,0.632389009,12482,19737.85095,-43.197075,-22.919828,7717.745028,5.957077268,577,518,912.4130749,819.1160707
214,2.111870236,33201,15721.13638,-43.268678,-22.91125,7720.327504,7.286457915,1394,696,660.0784348,329.5657035
215,0.523445316,7630,14576.49877,-43.267696,-22.9002,7719.194344,5.426309626,480,768,917.0012334,1467.201973
216,2.827493129,37327,13201.44676,-43.284913,-22.914212,7721.396207,8.521831325,1488,831,526.2612259,293.8999185
217,0.862713183,17874,20718.35733,-43.276173,-22.898489,7719.432202,7.673071421,951,1138,1102.336232,1319.094251
218,0.311013182,6514,20944.44987,-43.281276,-22.90142,7719.964735,7.159265634,289,271,929.2210644,871.345704
22,55.5617207,21855,393.3463493,-43.735413,-22.904012,7742.087912,16.4602627,1055,1397,18.98789286,25.14320979
220,0.459211506,10098,21989.86714,-43.287243,-22.902875,7720.393612,8.081652655,458,685,997.3617695,1491.687363
221,0.563787265,16665,29559.02171,-43.288068,-22.90731,7720.869011,7.280605199,751,636,1332.062724,1128.085077
222,0.276477033,7158,25890.03475,-43.287375,-22.898755,7719.995024,7.355405276,253,49,915.0850505,177.229911
223,0.673131503,14091,20933.50251,-43.284284,-22.892734,7719.255175,6.422044628,683,532,1014.660579,790.3359121
224,0.948795066,18083,19058.91024,-43.269652,-22.889306,7718.217255,4.135662169,625,49,658.7302382,51.64445067
225,0.529821064,13439,25365.16742,-43.272604,-22.893876,7718.807839,5.698968777,750,809,1415.572257,1526.930608
226,0.666830276,8856,13280.74072,-43.280332,-22.887791,7718.580011,6.74648316,455,796,682.3325461,1193.707048
227,1.355093019,11724,8651.804589,-43.2909,-22.890086,7719.311974,6.774243096,472,94,348.315572,69.36793171
228,1.093769965,16033,14658.47529,-43.296365,-22.900173,7720.565179,7.119660257,914,1135,835.6418894,1037.695344
23,9.899981381,23623,2386.166104,-43.670541,-22.902911,7738.842353,11.85884752,1110,669,112.121423,67.57588467
230,2.443119052,7594,3108.321714,-43.31145,-22.911061,7722.358153,7.255849632,373,281,152.6736897,115.0169083
231,0.70051601,9508,13572.85183,-43.304786,-22.899393,7720.892139,6.628571408,611,791,872.2141844,1129.167627
232,0.31143293,5033,16160.78301,-43.30207,-22.891989,7720.034366,1.355557078,1,7,3.210964238,22.47674967
233,0.680000112,11229,16513.23256,-43.299173,-22.885737,7719.281115,8.371951502,443,78,651.4704806,114.7058634
234,1.563133269,23302,14907.23822,-43.307148,-22.883392,7719.433013,6.818924279,1184,1123,757.4530103,718.4288265
235,2.457343157,21104,8588.137126,-43.315523,-22.900192,7721.48538,17.14747987,824,73,335.3215026,29.70688069
236,1.761794463,28069,15932.05144,-43.295633,-22.878969,7718.446326,5.977046579,1383,1157,784.9950884,656.7167876
237,0.606226807,6586,10863.92078,-43.221977,-22.901745,7717.157789,8.069100955,472,1020,778.5864876,1682.538596
238,0.468030229,3200,6837.165211,-43.223361,-22.897224,7716.779499,6.143979094,393,1124,839.6893525,2401.55428
239,0.863603499,13405,15522.16962,-43.225949,-22.890446,7716.236933,8.322449159,539,127,624.1290133,147.0582276
24,0.429429932,6705,15613.72298,-43.656606,-22.915745,7739.427301,2.450152148,213,97,496.0064124,225.8808545
240,0.434366016,944,2173.282359,-43.218119,-22.893018,7716.115162,8.041345211,502,1406,1155.707356,3236.90148
241,0.492644543,792,1607.650001,-43.214246,-22.899589,7716.575968,19.06856609,35,9,71.04513895,18.26875002
242,0.286921633,441,1537.005053,-43.213155,-22.904614,7717.017873,3.690134328,26,2,90.61707795,6.970544458
243,1.034608685,2542,2456.967582,-43.224916,-22.905772,7717.694332,6.937503544,152,263,146.9154494,254.2023895
244,0.598150418,11146,18634.10886,-43.231087,-22.895927,7717.021675,7.375748773,478,69,799.1300948,115.3555995
245,1.470074017,26323,17905.90112,-43.309977,-22.843369,7715.636022,6.372035232,1463,1748,995.1879855,1189.055775
246,1.861712209,24959,13406.47597,-43.31582,-22.857116,7717.267052,7.455592441,1258,937,675.7220551,503.3001317
247,1.459829178,18265,12511.73786,-43.303629,-22.854,7716.376112,7.157501502,772,380,528.828997,260.3044286
248,0.166886607,3279,19648.07159,-43.320513,-22.830778,7714.904501,9.104967227,126,61,755.003666,365.5176478
249,0.517083977,8022,15513.92107,-43.315145,-22.830115,7714.581741,5.954836027,551,739,1065.590939,1429.168246
25,4.51164976,34387,7621.823906,-43.66547,-22.924548,7740.718629,11.69549324,2116,2649,469.0080375,587.1466405
250,0.697583504,11494,16476.88044,-43.320175,-22.824456,7714.267159,8.023430566,527,396,755.4651116,567.6739738
251,0.518603357,5345,10306.52796,-43.324176,-22.83273,7715.272087,4.406376794,200,40,385.6511866,77.13023733
252,1.561458621,16651,10663.7472,-43.332802,-22.828896,7715.309501,7.894211688,1054,1245,675.0098821,797.3314072
253,1.302583301,5186,3981.319273,-43.327663,-22.819237,7714.113877,9.598267633,1,4,0.76770522,3.070820882
255,0.676600531,10682,15787.74994,-43.327045,-22.842181,7716.338304,6.442239452,707,874,1044.929714,1291.751868
256,0.589920619,11510,19511.09968,-43.319844,-22.838846,7715.665062,5.73317675,766,998,1298.479788,1691.753039
257,0.184103287,2512,13644.51465,-43.321687,-22.847767,7716.629985,3.215034259,93,11,505.151219,59.74906892
258,1.421624048,20453,14387.0667,-43.329044,-22.850526,7717.254099,6.599725704,1036,844,728.7440032,593.6871995
259,1.096627001,19137,17450.78315,-43.333665,-22.837343,7716.180764,7.481423786,1231,1363,1122.533002,1242.902097
26,0.530246326,2404,4533.741928,-43.679185,-22.916509,7740.593232,2.330470323,83,3,156.5310233,5.657747831
260,0.940857463,12750,13551.46822,-43.339236,-22.842766,7716.980956,7.005201621,658,477,699.362046,506.9843403
261,0.976490359,15789,16169.13045,-43.316371,-22.884778,7720.011458,6.011102886,759,586,777.2734188,600.1083312
262,3.351258275,15305,4566.941353,-43.326846,-22.89791,7721.804118,6.541081436,712,471,212.4575134,140.5442259
263,0.634893463,9788,15416.75978,-43.324784,-22.881646,7720.107221,7.015986231,904,1571,1423.860936,2474.430897
264,1.872651337,19323,10318.52519,-43.333399,-22.887617,7721.107137,6.84013939,1149,1330,613.5685684,710.222973
265,1.84174023,16138,8762.364927,-43.316786,-22.870507,7718.629129,9.29953048,2,3,1.085929474,1.628894211
266,0.760424358,7603,9998.364625,-43.325553,-22.874654,7719.457131,5.228866036,286,26,376.1057849,34.19143499
267,0.312696193,4242,13565.88312,-43.319411,-22.878619,7719.552088,5.5743849,329,689,1052.13945,2203.41666
268,1.598395337,19206,12015.80082,-43.34093,-22.877935,7720.517263,7.56863039,874,1111,546.798392,695.0720979
269,0.199836494,1495,7481.116025,-43.339705,-22.870592,7719.737086,8.657112856,71,134,355.29046,670.5481922
27,10.27157191,31505,3067.203372,-43.641376,-22.941072,7741.175267,13.84930174,1417,769,137.9535686,74.86682728
270,1.98684294,28029,14107.30533,-43.332413,-22.86788,7719.120725,7.386700155,1367,1723,688.026201,867.2049337
271,1.312987216,17245,13134.17205,-43.342376,-22.861697,7718.991433,6.655290002,1081,1425,823.3134237,1085.311405
272,1.079092118,15736,14582.62899,-43.328463,-22.858406,7718.000397,6.284061209,797,632,738.5838399,585.6775242
273,1.404254029,21484,15299.22618,-43.348783,-22.846257,7717.782261,7.709195605,926,193,659.4248483,137.4395202
274,1.494686775,21678,14503.37313,-43.34444,-22.853501,7718.285357,6.595773546,1268,1476,848.338275,987.4978658
275,1.418024315,2057,1450.609822,-43.316018,-23.002748,7731.587254,7.805574819,287,1317,202.3942727,928.7569936
276,0.806374703,868,1076.422656,-43.336322,-22.998255,7732.118155,3.547443084,32,4,39.68378456,4.96047307
277,0.522429124,6853,13117.56884,-43.358141,-22.853079,7718.901744,3.66103795,245,51,468.9631354,97.62089757
278,0.801483037,16131,20126.43969,-43.356003,-22.843858,7717.893316,6.79414978,975,1163,1216.494867,1451.060031
279,0.975087728,17751,18204.51586,-43.235192,-22.905034,7718.113462,6.7775094,723,126,741.4717462,129.2191425
28,7.634431045,13248,1735.296307,-43.668972,-22.95427,7743.801912,13.90910475,598,253,78.3293472,33.1393392
280,0.614395565,6159,10024.48642,-43.236672,-22.895771,7717.273628,6.707884817,538,909,875.6573624,1479.502867
281,1.056704164,14631,13845.8809,-43.240742,-22.891445,7717.043153,7.24557548,868,1240,821.4219548,1173.459935
283,0.746955911,12222,16362.41152,-43.348878,-22.866401,7719.765643,6.338647084,840,1065,1124.564365,1425.786963
284,1.295091704,20706,15988.05701,-43.351743,-22.874665,7720.714984,8.3637339,892,323,688.7543154,249.4031882
285,1.007538181,13657,13554.8213,-43.347314,-22.885106,7721.528106,6.541694354,951,831,943.8848254,824.7826392
286,1.945146999,26587,13668.37572,-43.362198,-22.871075,7720.864257,7.124115908,1656,2252,851.3495387,1157.753117
287,1.173910551,17241,14686.80896,-43.358624,-22.860655,7719.669111,7.590502048,725,157,617.5939038,133.7410247
288,2.233367779,29704,13300.09338,-43.369464,-22.854058,7719.541722,7.929853777,1624,1856,727.1529639,831.0319588
29,2.290212399,15198,6636.065723,-43.677862,-22.937328,7742.570323,11.03152525,575,79,251.0684163,34.4946172
290,3.796956174,27623,7275.037882,-43.179518,-22.821598,7707.245708,8.669779955,1162,575,306.0346095,151.4370916
291,0.936574646,11424,12197.6396,-43.180239,-22.80661,7705.806385,7.152774267,584,601,623.5488033,641.7000527
292,5.129706933,31928,6224.137249,-43.171065,-22.786144,7703.354853,9.893563696,1379,739,268.8262737,144.0628109
293,3.207591054,32158,10025.59225,-43.202072,-22.812977,7707.477475,9.114900246,1515,2147,472.3170674,669.3496658
294,1.569958817,24825,15812.5167,-43.193136,-22.805574,7706.321806,7.066173633,985,501,627.4049928,319.1166511
295,1.617763761,29501,18235.66624,-43.186888,-22.79759,7705.237689,7.515941733,1294,799,799.8695678,493.8916419
296,6.44233279,691,107.2592836,-43.247408,-22.818704,7710.212008,12.59917178,377,1201,58.51917501,186.4231543
297,12.54995556,21736,1731.958324,-43.230725,-22.802277,7707.797892,9.574260355,934,386,74.42257429,30.75708102
298,0.252660025,3756,14865.82614,-43.21082,-22.801234,7706.741844,8.797555656,110,23,435.3676453,91.03141674
299,1.488650344,26546,17832.26001,-43.203254,-22.798488,7706.109542,8.029172013,1230,1195,826.2517824,802.7405528
3,1.185898225,1962,1654.442143,-43.20355,-22.898765,7715.983369,9.444688233,178,453,150.0971975,381.9889351
301,1.38941316,18096,13024.20368,-43.370109,-22.845079,7718.690793,7.414948689,961,806,691.6589158,580.1010262
302,2.414055279,28990,12008.83851,-43.378333,-22.835572,7718.152204,7.716453926,1358,861,562.5388994,356.661261
303,0.390402928,4360,11167.94903,-43.39967,-22.826254,7718.262796,5.451748256,189,31,484.1152216,79.40514217
304,1.526974225,20583,13479.59885,-43.410267,-22.826539,7718.80039,7.525991898,1076,1025,704.6615342,671.2621492
305,2.413393701,30691,12716.94709,-43.392726,-22.821717,7717.483388,7.680151803,1235,393,511.7275311,162.8412306
306,4.013106024,26826,6684.597875,-43.415088,-22.836276,7719.988327,9.206574709,1217,695,303.2563786,173.1825663
307,1.204265544,16733,13894.77601,-43.391065,-22.833778,7718.58795,8.468019439,820,507,680.9129463,421.0034924
308,1.01742862,11956,11751.19292,-43.403469,-22.841555,7719.947967,8.027017035,630,522,619.2080579,513.0581051
309,1.603669529,20398,12719.57821,-43.349085,-22.834525,7716.644315,8.828154126,1533,2122,955.9326109,1323.215264
31,1.895172993,9110,4806.949041,-43.696726,-22.902176,7740.036246,20.53038646,314,25,165.6840833,13.19140791
310,0.898465728,11992,13347.19804,-43.353403,-22.828684,7716.277948,8.759023383,499,134,555.3912461,149.1431402
311,1.585077288,26967,17013.05053,-43.341143,-22.822207,7715.052899,7.949578316,1260,655,794.9139197,413.2290614
316,1.761486019,14046,7973.949184,-43.363928,-22.834736,7717.377974,7.673753844,739,608,419.5321406,345.1631143
317,1.386125573,5010,3614.391147,-43.335724,-22.807567,7713.354515,7.530579028,457,986,329.6959589,711.3352637
318,1.153566399,2673,2317.161806,-43.348966,-22.80911,7714.142132,8.03061154,344,685,298.2056346,593.8106387
319,0.618322769,10459,16915.11381,-43.354534,-22.816003,7715.086685,7.517351575,658,785,1064.169126,1269.56347
32,17.020336,20405,1198.859999,-43.714513,-22.941424,7744.743426,16.01792245,459,56,26.96774024,3.290181815
320,1.113194856,12016,10794.15695,-43.358266,-22.807827,7714.46293,8.568556791,1002,1595,900.1119564,1432.812945
322,1.347358426,25253,18742.59997,-43.360983,-22.819546,7715.744518,9.771231886,1074,165,797.115288,122.4618459
323,0.794607018,8218,10342.21925,-43.371831,-22.809928,7715.321178,2.400047342,2,1,2.516967449,1.258483725
324,1.633467012,28176,17249.2005,-43.379216,-22.817264,7716.396612,8.054665526,1574,1640,963.5946048,1003.999461
327,0.294747371,28356,96204.42042,-43.332829,-22.973593,7729.527426,6.007769659,1068,158,3623.441988,536.0522791
328,10.75190166,2238,208.1492253,-43.306195,-22.930009,7723.968312,7.401517335,168,369,15.62514292,34.31951033
329,12.13730234,10608,873.9998153,-43.313648,-22.956031,7726.882639,7.895203423,508,390,41.85444063,32.13234615
33,1.059055104,9315,8795.576328,-43.684704,-22.929872,7742.17,10.20853042,679,1005,641.1375552,948.9591208
330,3.06643814,10334,3370.033742,-43.349908,-22.972265,7730.215498,10.55795692,477,140,155.5550701,45.65557614
331,5.989881511,9946,1660.466903,-43.368761,-22.963186,7730.227547,8.39459881,562,809,93.82489436,135.0611024
332,1.680733634,11416,6792.272,-43.383194,-22.961717,7730.775625,11.03148229,490,4,291.5393553,2.379913104
333,2.624814451,19688,7500.720669,-43.401186,-22.968163,7732.272183,9.305959862,1197,1517,456.0322349,577.9456143
334,27.94030633,11163,399.5303368,-43.439292,-22.924713,7729.835522,10.37387488,507,341,18.14582825,12.2045906
335,14.94310908,27612,1847.808234,-43.409258,-22.948081,7730.687354,9.35139887,1201,736,80.3714939,49.2534717
336,1.215265392,19186,15787.49805,-43.3499,-22.95858,7728.870557,6.981223844,1125,1075,925.7237205,884.5804441
337,2.175666049,9084,4175.273133,-43.341129,-22.960883,7728.676345,7.304252268,385,214,176.9573047,98.36068366
338,1.337385338,13797,10316.39843,-43.333297,-22.951159,7727.345476,6.342457133,628,635,469.5729661,474.8070597
339,2.945844568,7588,2575.83176,-43.207923,-22.941639,7720.40843,20.42901036,317,185,107.6092077,62.80032626
34,2.587620528,16535,6390.04051,-43.691337,-22.928724,7742.37806,14.8591188,1470,2382,568.0894799,920.5368307
340,1.508804173,21865,14491.60891,-43.191029,-22.921914,7717.661177,6.849772739,782,272,518.2912495,180.2752172
341,0.671269968,14869,22150.55151,-43.182609,-22.91797,7716.870896,6.806135345,484,110,721.0213821,163.8684959
342,1.30904909,34800,26584.18258,-43.363233,-22.947889,7728.459634,6.613030509,1666,1373,1272.679545,1048.852951
343,3.355530589,31837,9487.918276,-43.387212,-22.952275,7730.040974,7.256282898,1439,1077,428.8442504,320.962653
344,1.968954114,28230,14337.56115,-43.334373,-22.938683,7726.171198,8.415499498,1312,1156,666.343614,587.1137331
345,5.665945651,18787,3315.774834,-43.335102,-22.923372,7724.701775,8.28568666,767,482,135.3701654,85.06964763
346,2.637952267,27304,10350.45264,-43.349839,-22.945366,7727.569378,7.217473441,1398,1606,529.9565188,608.8055574
347,1.640360948,15707,9575.331587,-43.350926,-22.925974,7725.716336,7.379603673,769,651,468.7992609,396.8638736
348,1.401265313,15612,11141.35907,-43.358458,-22.934843,7726.948947,7.465390304,725,360,517.3895288,256.9106626
35,4.977786521,29085,5842.958487,-43.693778,-22.977474,7747.275078,16.94119433,1250,775,251.1156303,155.6916908
350,2.276594742,33925,14901.64208,-43.367282,-22.930563,7726.951838,6.91686257,1560,1134,685.2339466,498.1123689
351,1.4448031,5235,3623.331095,-43.376787,-22.937932,7728.131811,6.838030281,527,1230,364.755585,851.3270768
352,1.728840765,17567,10161.14402,-43.382807,-22.927989,7727.444075,6.68206071,1182,2022,683.6951232,1169.56983
354,1.237613305,15443,12478.04943,-43.380322,-22.918345,7726.377517,7.078234035,775,713,626.2052909,576.1088676
355,5.378402347,24723,4596.718208,-43.397931,-22.910876,7726.489458,10.60301529,1056,108,196.3408335,20.08031252
356,3.280488691,16051,4892.868567,-43.350144,-22.91539,7724.639019,7.797699522,877,934,267.3382178,284.7136778
357,2.415211173,19636,8130.137943,-43.370319,-22.91039,7725.115964,6.939764939,916,786,379.2629026,325.4373815
358,3.768287879,36440,9670.17414,-43.356823,-22.902965,7723.738863,8.120931116,1735,1477,460.4212989,391.9551922
359,2.729782085,26357,9655.349468,-43.34624,-22.8955,7722.49768,7.79435655,1118,469,409.5565013,171.808586
36,6.890159144,27331,3966.671804,-43.693374,-22.961689,7745.708092,37.00902516,1165,82,169.0817259,11.90103135
360,4.179224837,32227,7711.238629,-43.367004,-22.887786,7722.736483,8.269909316,1508,973,360.8324651,232.8182948
363,3.437536686,5740,1669.800361,-43.294705,-22.991705,7729.481592,6.685339544,234,189,68.0720008,54.98123141
364,7.82871526,16012,2045.29089,-43.311695,-22.984017,7729.539409,8.04807346,735,302,93.88513639,38.57593359
365,1.77243493,10921,6161.580215,-43.331117,-22.98331,7730.400227,7.736396438,649,645,366.1629484,363.906166
366,0.749652479,4669,6228.219253,-43.372797,-23.003324,7734.36425,9.571517943,376,711,501.5657398,948.4394707
367,0.702437492,3232,4601.121147,-43.383314,-23.003528,7734.888567,9.533104593,214,500,304.6534423,711.8071081
368,3.543988428,21210,5984.782522,-43.418657,-23.006417,7736.86784,12.01803994,1222,2114,344.8092523,596.5030765
37,5.216050221,11771,2256.688395,-43.617934,-22.993106,7745.147456,18.00829159,568,232,108.8946571,44.47809936
370,8.224998836,6405,778.7235145,-43.34863,-22.990218,7731.918185,9.757981807,569,2480,69.1793411,301.5197995
371,10.51218368,4080,388.1210721,-43.388087,-22.988003,7733.592426,9.523509416,426,1247,40.52440606,118.624259
373,5.395399227,7628,1413.797141,-43.40614,-22.986993,7734.359395,11.70652919,541,645,100.2706152,119.5462973
374,1.204170411,14502,12043.14595,-43.329167,-23.009659,7732.896081,9.316879962,687,1166,570.5172573,968.3014876
375,1.228763458,7061,5746.427398,-43.351003,-23.00889,7733.866535,14.28417359,311,316,253.0999746,257.1691061
377,7.747607604,232,29.9447277,-43.406781,-23.011626,7736.809609,10.48647012,176,518,22.71668998,66.85934891
378,1.704745164,817,479.2505163,-43.287024,-23.008009,7730.716587,14.85477407,37,22,21.70412375,12.90515466
379,1.798757271,1960,1089.641182,-43.294501,-23.003748,7730.655541,12.46242082,63,54,35.02418087,30.02072646
380,1.964814927,17680,8998.302975,-43.308303,-23.011566,7732.084546,11.97540267,801,1310,407.6719844,666.7294625
381,0.365205369,14365,39334.03293,-43.322825,-23.006109,7732.243504,12.67158748,581,339,1590.885704,928.2448425
382,0.93703134,8124,8669.934138,-43.333596,-23.003591,7732.511916,9.43678935,628,1428,670.2017034,1523.961835
383,0.789997639,9190,11632.94616,-43.3466,-23.002962,7733.073094,10.52636864,511,1139,646.8373764,1441.776461
384,0.785147357,2344,2985.426849,-43.359276,-23.003054,7733.689585,10.23292847,96,46,122.2700416,58.58772827
386,1.035815349,9120,8804.6581,-43.172473,-22.93474,7718.036005,10.28439564,449,778,433.4749437,751.099123
387,0.312882339,20492,65494.26885,-43.177831,-22.936679,7718.482662,10.17965365,757,563,2419.439855,1799.398466
388,0.087626076,6421,73277.27413,-43.175488,-22.938849,7718.58417,7.142170731,230,117,2624.789449,1335.21898
39,3.275455028,3545,1082.292374,-43.554152,-23.036805,7746.362437,13.89703767,204,415,62.28142296,126.6999536
391,5.942639924,10452,1758.814287,-43.468589,-22.986893,7737.348625,11.51793587,526,642,88.51285065,108.0327949
392,45.65229482,13492,295.5382649,-43.486483,-22.972238,7736.770123,11.03977796,626,561,13.71234464,12.28853888
393,4.364740475,11524,2640.248616,-43.442727,-23.001644,7737.554607,15.08503258,392,39,89.81060896,8.935239156
394,9.499617545,7378,776.6628462,-43.474857,-23.004851,7739.412928,12.32994071,318,335,33.47503186,35.26457759
395,0.589486992,7376,12512.57466,-43.486079,-23.022757,7741.710127,11.2929546,542,846,919.4435285,1435.146172
396,25.86136988,3390,131.0835433,-43.530084,-23.037794,7745.301667,12.64068299,156,106,6.032163056,4.098777461
397,2.150580392,17904,8325.194475,-43.451749,-23.016168,7739.41405,12.40459746,878,1439,408.2618828,669.1216963
398,1.012421391,8022,7923.578136,-43.463461,-23.024789,7740.823025,9.361445765,428,579,422.7488709,571.8962529
399,4.3068401,26652,6188.295683,-43.476931,-23.025251,7741.515429,12.56807076,1217,1560,282.5737598,362.2145155
4,0.580747215,3705,6379.712041,-43.191869,-22.894914,7715.046117,8.379060099,183,220,315.111283,378.8223074
40,3.641094945,9456,2597.020991,-43.638202,-22.998055,7746.610313,15.29803878,436,420,119.7441997,115.3499171
400,7.732535129,12201,1577.87838,-43.393866,-22.895789,7724.812493,9.785476527,610,905,78.88745279,117.0379423
401,3.278547362,2210,674.0790222,-43.383267,-22.878501,7722.605468,3.546482706,90,29,27.4511819,8.845380834
402,6.251504328,10263,1641.684859,-43.398448,-22.86923,7722.424326,8.697560267,430,322,68.78344434,51.5076025
403,4.405154787,3917,889.1855541,-43.409661,-22.85065,7721.138763,6.669607136,282,393,64.01591173,89.21366422
404,2.290205335,583,254.5623273,-43.389038,-22.844692,7719.562331,4.413055867,23,2,10.04276763,0.873284142
405,2.256364683,9226,4088.878038,-43.383611,-22.858591,7720.666556,8.472419005,706,1155,312.8926832,511.8853386
406,2.054160621,24424,11890.01471,-43.413453,-22.872793,7723.495395,8.665224834,1229,1285,598.2979069,625.5596504
407,8.252002379,27569,3340.886095,-43.434723,-22.855693,7722.839198,8.614528921,1580,1773,191.4686797,214.8569424
408,1.751313239,24760,14137.96199,-43.431332,-22.870649,7724.144505,8.630287891,1302,1168,743.4421046,666.9280938
409,1.177591219,10001,8492.760339,-43.430396,-22.876084,7724.633128,7.656217537,416,283,353.2635037,240.3210855
410,1.803784442,24793,13744.99049,-43.432054,-22.884586,7725.547626,8.265697388,1421,1744,787.7881451,966.8561049
411,4.642720937,26691,5748.999425,-43.424321,-22.898385,7726.530782,10.19514644,1125,138,242.314801,29.72394892
412,1.536116015,25728,16748.73495,-43.43988,-22.891819,7726.634102,8.111139002,1134,627,738.2254912,408.1722954
413,2.084358246,40848,19597.39891,-43.419146,-22.884518,7724.920387,8.200840359,1870,797,897.1586358,382.3718891
414,1.784992406,31063,17402.31493,-43.449119,-22.867051,7724.646846,7.722387562,1250,266,700.2830914,149.0202418
415,6.443611481,31921,4953.898926,-43.459054,-22.894329,7727.802726,8.810886115,1716,2286,266.3102834,354.769993
416,4.947976882,1475,298.1016353,-43.228158,-22.854093,7712.768692,7.593857597,410,1321,82.86214948,266.9778036
417,2.061562764,33367,16185.29427,-43.487452,-22.856036,7725.410859,12.23385644,1725,1301,836.7438674,631.0746501
419,7.104991229,45563,6412.815798,-43.475146,-22.847469,7723.977388,3.321437558,1388,51,195.3556247,7.178052492
42,14.3488465,27103,1888.862634,-43.647816,-22.976449,7744.955297,16.2597817,1235,441,86.06963631,30.73417782
420,3.023155943,22415,7414.437237,-43.492848,-22.863026,7726.356776,10.90628933,1037,580,343.0190237,191.8524915
422,1.424912901,27106,19022.91711,-43.473763,-22.870923,7726.212927,8.746481909,1121,479,786.7147524,336.1608978
423,0.554033354,5728,10338.72773,-43.465042,-22.870613,7725.762735,1.129773636,431,12,777.9315036,21.65934581
424,1.879100138,35575,18931.93411,-43.458512,-22.866858,7725.079869,8.284153109,2234,3357,1188.866923,1786.493403
425,2.071642176,19813,9563.910325,-43.472842,-22.880722,7727.130449,7.767125997,1974,5457,952.867258,2634.142161
426,1.133308547,11373,10035.21947,-43.458798,-22.88118,7726.499582,3.984006411,324,78,285.8886054,68.82503463
427,1.804168143,23096,12801.46758,-43.472736,-22.891447,7728.178117,13.22157355,785,46,435.10357,25.49651493
428,0.563573948,5049,8958.895312,-43.460508,-22.88964,7727.412359,12.93467009,235,56,416.9816594,99.36584224
429,1.872647105,22644,12091.97394,-43.497688,-22.870761,7727.349021,1.236102314,1,1,0.534003442,0.534003442
43,7.677297774,1961,255.4284147,-43.622953,-22.955597,7741.710611,6.376755283,40,1,5.210166543,0.130254164
430,0.447856928,9344,20863.80587,-43.498967,-22.877486,7728.070627,13.79081159,442,17,986.9223237,37.95855091
432,2.048555083,26321,12848.56835,-43.49453,-22.881086,7728.210273,9.838068066,1433,1237,699.5174364,603.8402434
433,12.17296568,38775,3185.337167,-43.487604,-22.905654,7730.288188,11.09745612,1743,780,143.1861427,64.07641496
434,4.044272682,20914,5171.263573,-43.515518,-22.881409,7729.252853,10.23073729,1083,878,267.7860978,217.0971319
435,4.427141685,20476,4625.106098,-43.524978,-22.867798,7728.373063,11.25602184,967,583,218.4253563,131.6876761
436,12.82474088,21973,1713.328963,-43.537054,-22.841981,7726.422122,13.37823302,1044,690,81.40515349,53.80225662
437,13.73981336,5293,385.2308514,-43.568214,-22.850468,7728.75785,9.766952128,1,1,0.072781192,0.072781192
438,9.426047548,4361,462.6541483,-43.595112,-22.868115,7731.786954,12.99782381,325,550,34.47892644,58.34895243
439,0.905068216,6284,6943.123062,-43.553657,-22.910329,7733.928398,7.404994819,268,217,296.110277,239.7609332
44,6.983627348,30565,4376.665374,-43.598399,-22.955287,7740.495887,11.51892427,1389,784,198.8937741,112.2625766
440,1.988501373,17217,8658.279161,-43.537033,-22.91477,7733.563049,8.735263838,1397,2607,702.5391176,1311.037566
441,5.33021567,18966,3558.204991,-43.544649,-22.929787,7735.403485,10.6856062,527,35,98.87029581,6.566338431
442,23.67686556,10224,431.8139144,-43.514432,-22.927539,7733.727588,10.2108308,501,338,21.15989545,14.27553825
443,4.040467848,35304,8737.602013,-43.597115,-22.884737,7733.513931,12.42384826,1610,886,398.4687073,219.281537
445,3.212514765,34179,10639.32853,-43.573873,-22.888694,7732.780662,8.071362962,1562,899,486.2234463,279.8430718
446,3.777204081,28147,7451.808108,-43.564018,-22.875605,7731.0213,9.501676844,1616,1824,427.8296765,482.8968625
447,6.392149638,28318,4430.121572,-43.546591,-22.879562,7730.569143,10.67194679,1257,854,196.6474615,133.601378
448,0.238116366,3793,15929.18649,-43.586979,-22.894748,7734.006757,9.453987404,178,15,747.5336658,62.99441004
449,2.3608961,16263,6888.486113,-43.567933,-22.895948,7733.205789,8.721883639,1535,3235,650.1768544,1370.242426
450,0.900940016,5993,6651.941188,-43.550633,-22.897048,7732.479598,6.700622969,203,33,225.3202171,36.62840968
451,6.967441475,23799,3415.744514,-43.577286,-22.921038,7736.11815,9.736499039,1404,1661,201.5086894,238.3945392
452,0.666131732,2868,4305.454707,-43.574686,-22.94163,7738.012924,9.52911759,370,750,555.445691,1125.903428
453,2.402154067,18416,7666.452478,-43.556439,-22.905352,7733.574196,10.40569059,1735,4301,722.2684106,1790.476331
455,4.660610059,35403,7596.215849,-43.562884,-22.928975,7736.202516,9.520925445,1824,1105,391.3650738,237.0934247
456,20.89919691,2038,97.5157088,-43.244843,-22.958565,7723.838059,9.677387945,82,70,3.923595742,3.349410999
457,4.346937352,53065,12207.44531,-43.41592,-22.742816,7710.852377,8.321027021,1051,774,241.7794219,178.0563963
458,5.770724748,59576,10323.83324,-43.401559,-22.756513,7711.505757,9.335901254,1446,1942,250.575112,336.5261877
459,17.72193494,62087,3503.398484,-43.391414,-22.71155,7706.60274,11.63674352,1158,539,65.34275202,30.41428613
46,46.72993267,25073,536.5511689,-43.557327,-22.973623,7740.315436,11.36649779,1351,1397,28.91080562,29.89518538
461,9.357367452,42784,4572.226133,-43.372408,-22.751781,7709.638482,9.241140574,800,409,85.49413113,43.70887454
462,5.81698225,49632,8532.259145,-43.381001,-22.742907,7709.180466,9.042238861,1034,679,177.7553989,116.7271913
463,10.43314582,73473,7042.26714,-43.34106,-22.742226,7707.192637,10.17509599,1429,969,136.9673178,92.87706857
464,4.825805074,34168,7080.269401,-43.341639,-22.719099,7704.948981,11.41211613,843,965,174.6858787,199.9666346
465,13.75904761,61566,4474.582963,-43.358908,-22.712737,7705.154801,12.45475997,1009,326,73.33356413,23.6935004
466,8.103963764,19582,2416.348416,-43.252958,-22.689076,7697.738433,12.01348657,885,1525,109.205819,188.1795186
467,16.31564162,36828,2257.220455,-43.299334,-22.675821,7698.663983,12.02202072,1055,1369,64.6618763,83.907212
468,12.5419649,42378,3378.896395,-43.262858,-22.666458,7695.991353,3.182882555,926,214,73.83213134,17.06271718
469,18.04051237,52744,2923.642018,-43.246418,-22.626717,7691.296671,15.08355477,1284,414,71.17314483,22.94835044
47,18.13346613,2669,147.1864221,-43.585616,-23.003576,7744.616919,13.6141641,135,162,7.444798419,8.933758103
471,3.826571756,24047,6284.215098,-43.222863,-22.63902,7691.374455,12.60062819,742,639,193.9072484,166.9902045
472,3.247575107,22413,6901.457014,-43.210454,-22.630076,7689.899741,13.83294897,757,719,233.0969955,221.3959574
473,1.49653695,9674,6464.257363,-43.201539,-22.622484,7688.725647,10.53621046,549,827,366.8469395,552.609142
475,35.04863559,13048,372.2826804,-43.330707,-22.660409,7698.658907,10.20925892,366,63,10.4426319,1.797502212
476,184.0069329,9737,52.91648444,-43.332431,-22.567696,7689.636969,11.16782174,213,132,1.15756508,0.717364275
478,1.052543794,17132,16276.75741,-43.299636,-22.77909,7708.824072,6.444355101,624,773,592.8494411,734.4112468
479,2.794599003,27348,9786.01938,-43.318497,-22.731278,7705.032783,9.425705249,791,595,283.0459752,212.9106893
480,3.150847001,27365,8684.966293,-43.25476,-22.643441,7693.340735,11.32932508,1005,1393,318.9618536,442.1033454
481,37.34010682,38087,1020.002438,-43.301312,-22.60332,7691.637374,16.93912985,973,747,26.05777227,20.00529896
482,3.192092456,27061,8477.511343,-43.255705,-22.678185,7696.800118,12.47728527,761,498,238.4016161,156.0105188
483,1.698136566,24270,14292.13674,-43.325672,-22.793266,7711.466892,6.780702369,624,334,367.4616121,196.6861834
484,1.933925085,25719,13298.86054,-43.314787,-22.79492,7711.106715,8.154409415,1027,1885,531.0443552,974.7016646
485,2.027777721,23867,11770.02772,-43.313526,-22.784947,7710.066373,8.671978488,830,1894,409.3150799,934.0274232
486,4.916117089,19744,4016.177736,-43.290269,-22.79904,7710.334751,7.770532576,641,891,130.3874559,181.2405978
488,1.607813005,25786,16037.93471,-43.294747,-22.787016,7709.368171,8.03796346,974,1418,605.7918407,881.9433574
489,4.192217404,4349,1037.398489,-43.280004,-22.779519,7707.92402,10.09457301,257,460,61.30407258,109.7271338
491,1.729149455,23670,13688.81096,-43.292322,-22.771701,7707.746982,2.139827607,383,1,221.4961807,0.57831901
493,1.212851207,14707,12125.97219,-43.317882,-22.774664,7709.265328,7.14687445,446,389,367.7285372,320.7318407
494,2.278703483,25775,11311.25668,-43.317543,-22.767987,7708.593099,8.490223275,701,388,307.6310741,170.2722636
497,1.268642969,20912,16483.75509,-43.301224,-22.767979,7707.808643,7.75190395,559,367,440.6283041,289.2854877
498,1.920755303,15543,8092.129161,-43.319712,-22.758751,7707.789961,7.971826509,440,402,229.0765509,209.292667
499,0.980785167,12385,12627.63795,-43.308068,-22.755752,7706.936036,12.0402128,203,17,206.977029,17.33305169
5,0.344572676,2741,7954.780499,-43.184469,-22.896979,7714.895412,10.15710146,226,636,655.8848569,1845.764465
50,0.979912277,36717,37469.68055,-43.257351,-22.887208,7717.421872,6.157561503,1555,650,1586.87674,663.3246823
500,1.001075638,13350,13335.65566,-43.298606,-22.753967,7706.306267,8.799756947,492,847,491.4713546,846.0899133
501,0.977388138,13804,14123.35537,-43.295102,-22.760625,7706.792176,8.370761196,347,291,355.0278407,297.7322814
502,1.166451117,10480,8984.517092,-43.292821,-22.751236,7705.760168,9.346113244,399,572,342.0631985,490.3763146
503,8.790184551,16981,1931.813821,-43.268456,-22.753056,7704.769473,9.195611815,636,785,72.35342971,89.30415459
505,13.78887814,28560,2071.234492,-43.291819,-22.733479,7703.967407,9.96745776,603,310,43.73089631,22.48188699
506,4.633494257,27206,5871.594631,-43.303046,-22.712575,7702.453011,9.542410746,931,838,200.9282732,180.8570279
508,28.36101628,19160,675.5752267,-43.252699,-22.719212,7700.687463,10.69123707,561,694,19.78067339,24.47020915
509,6.23470908,27772,4454.417944,-43.246375,-22.697383,7698.238756,12.41537597,749,358,120.1339133,57.42048192
510,171.3133354,16819,98.1768288,-42.968846,-22.648605,7680.158657,8.438236014,260,0,1.517686871,0
512,157.4636619,20787,132.0114098,-42.957275,-22.516542,7666.6067,27.55275828,390,174,2.47676191,1.105016852
514,7.458188834,7038,943.6607408,-42.982225,-22.543302,7670.432979,21.439193,181,195,24.26862661,26.14575795
515,4.956140474,17477,3526.332656,-42.870513,-22.750886,7685.547075,10.65736476,692,990,139.6247753,199.7522074
517,11.37794615,14210,1248.9073,-42.886604,-22.739237,7685.164816,13.89327103,496,383,43.5931049,33.66161125
518,2.70247021,14891,5510.143995,-42.859438,-22.759327,7685.852198,10.72061478,483,350,178.7253743,129.5111408
519,4.072433938,13542,3325.284144,-42.843181,-22.749257,7684.087373,10.09937517,519,565,127.4422146,138.737671
52,1.4535837,38763,26667.19501,-43.268742,-22.862747,7715.563249,5.88556727,1576,1089,1084.216891,749.1828642
521,6.535083187,12590,1926.524826,-42.812982,-22.723261,7680.090879,12.89539751,395,261,60.44299494,39.93828273
522,5.276516166,4584,868.7550376,-42.819627,-22.740599,7682.115167,10.64436973,123,68,23.31083543,12.88729113
523,65.24826766,8942,137.0457841,-42.845044,-22.782517,7687.453231,11.07378465,274,196,4.199345206,3.003911169
526,18.23049416,8188,449.1375784,-42.909533,-22.711582,7683.532198,15.18378009,372,851,20.40537117,46.68002922
528,59.0569872,4249,71.9474562,-42.791235,-22.678479,7674.644391,18.16539823,257,756,4.351728934,12.80119484
53,0.404095133,1006,2489.512783,-43.173506,-22.915177,7716.161225,10.57232033,119,443,294.4851105,1096.276504
530,24.87638907,4834,194.3208071,-42.980518,-22.738956,7689.609885,14.21354257,173,170,6.954385523,6.833789243
532,4.822912892,15428,3198.896672,-42.927468,-22.769753,7690.115105,12.99320759,658,730,136.4320722,151.3608096
536,22.22355714,13333,599.9489604,-43.830519,-22.903144,7746.611107,16.65931557,556,806,25.01849711,36.26782135
538,34.04012093,8789,258.1953225,-43.830126,-22.958669,7752.030234,17.32862544,541,750,15.89301052,22.0328242
54,0.709826875,8212,11569.01816,-43.17324,-22.92162,7716.782212,7.802731754,407,467,573.3792486,657.9069019
541,4.481314376,15839,3534.454106,-43.793685,-22.862373,7740.8314,24.76735554,315,93,70.29187724,20.75283995
542,19.34224527,22252,1150.43521,-43.785927,-22.889007,7743.064314,14.5606114,1049,1159,54.23362105,59.92065472
543,31.90975927,25594,802.074368,-43.743864,-22.856398,7737.831403,12.94711299,1133,604,35.5063788,18.92837846
544,25.18848909,14332,568.9900633,-43.570875,-22.665057,7710.7016,20.48748143,162,63,6.431509228,2.501142477
546,2.362788226,14918,6313.727077,-43.598882,-22.679408,7713.463884,21.77463798,264,311,111.7324003,131.6241534
547,16.90435469,24292,1437.026165,-43.629211,-22.692339,7716.199771,9.631131911,268,0,15.85390303,0
548,30.34690312,25473,839.3937234,-43.609893,-22.646204,7710.741592,28.38588969,312,175,10.28111497,5.766651026
549,16.4083324,33060,2014.829977,-43.162656,-22.596266,7684.282751,13.43617143,679,375,41.38141424,22.85424203
55,0.643371987,22909,35607.70515,-43.180251,-22.925962,7717.544232,9.024653788,882,414,1370.902088,643.4846537
551,47.34823827,76884,1623.798536,-43.174577,-22.6341,7688.573936,16.185895,1120,1284,23.65452318,27.11822122
552,53.64118655,25102,467.9613113,-43.173581,-22.693617,7694.37749,16.1769378,460,185,8.575500088,3.448842427
553,72.19185224,18943,262.3980326,-43.107873,-22.625711,7684.552333,17.83221264,408,292,5.651607312,4.044777782
555,70.10327082,28052,400.1525132,-43.056235,-22.634276,7682.923507,16.67340295,531,203,7.574539587,2.89572794
558,5.826812016,24320,4173.808926,-43.035296,-22.654189,7683.881677,20.3703733,435,913,74.65488827,156.6894552
559,78.8524728,5806,73.63117216,-43.930937,-23.016164,7762.550034,28.77549655,213,212,2.701246929,2.688565019
56,0.089292924,2730,30573.53116,-43.179083,-22.930849,7717.969073,8.261375765,194,657,2172.624559,7357.80585
560,24.90637794,9741,391.1046409,-43.956826,-22.92055,7754.449671,28.99165263,326,173,13.08901683,6.946011999
561,192.2587835,16139,83.94414918,-44.091867,-22.928588,7761.812703,43.53774097,297,563,1.544792881,2.928344754
562,36.4593455,4113,112.8105824,-44.134785,-23.006223,7771.496034,55.50982415,78,27,2.139369177,0.740550869
564,10.45592896,15297,1462.997698,-42.810644,-22.902626,7697.659051,28.00869368,494,65,47.2459216,6.216568631
565,7.232019315,12394,1713.767547,-42.973221,-22.959895,7711.017713,14.60968967,489,639,67.61596985,88.3570649
566,44.76266256,6416,143.3337436,-42.827648,-22.881839,7696.416059,19.75052506,199,4,4.445669417,0.089360189
567,27.82530079,9641,346.4832267,-42.892122,-22.904694,7701.727492,14.30473113,181,49,6.504871282,1.760987253
569,18.11211331,9423,520.2595544,-42.80491,-22.943278,7701.395095,39.25981504,222,24,12.25699046,1.325080049
570,127.2172482,13498,106.1019649,-42.72114,-22.913681,7694.512583,33.96341775,474,273,3.725909865,2.145935429
571,24.75809753,10754,434.3629387,-42.842035,-22.938874,7702.719837,24.18057273,607,629,24.51723115,25.40582931
572,37.81097528,15434,408.1883602,-42.910216,-22.946727,7706.727836,15.77922797,666,520,17.61393339,13.75262066
573,43.20189997,34262,793.0669721,-42.958536,-22.929986,7707.373994,12.67820729,1213,434,28.07746883,10.04585447
574,19.65082604,15054,766.0746663,-43.464343,-22.801759,7718.970553,9.344878217,337,4,17.14940631,0.203553784
578,1.235757769,12350,9993.867985,-43.42749,-22.770213,7714.09911,7.829517388,391,483,316.4050512,390.8532985
584,2.661725376,20865,7838.900358,-43.414239,-22.775584,7713.988489,8.785048398,623,634,234.0587071,238.1913648
585,0.382583115,4622,12081.035,-43.428933,-22.785884,7715.707023,8.32361211,362,878,946.1996258,2294.926164
586,0.796889912,9545,11977.81508,-43.424699,-22.782942,7715.214372,2.918971031,140,32,175.682987,40.15611131
589,1.29678437,22847,17618.19507,-43.434769,-22.798303,7717.20716,8.228858927,483,277,372.4597636,213.6052888
59,0.572048523,25914,45300.35295,-43.240891,-22.859898,7713.949059,3.94364522,1042,48,1821.523801,83.90896586
590,0.75639624,13445,17775.07513,-43.404903,-22.803134,7716.244244,2.269650994,425,1,561.8748181,1.322058396
592,0.879696956,14371,16336.30753,-43.400436,-22.812957,7716.993926,6.363942304,738,940,838.9252631,1068.549793
593,1.031304226,15249,14786.1316,-43.412883,-22.797851,7716.109445,6.762402633,732,1003,709.7808599,972.5549214
594,0.247394179,4849,19600.29947,-43.422614,-22.815886,7718.348382,4.016141741,156,56,630.5726373,226.3594082
595,7.218633032,17846,2472.213218,-43.436979,-22.832763,7720.696544,8.748549409,755,1002,104.5904393,138.807444
597,0.728636983,12947,17768.79338,-43.425759,-22.811119,7718.031696,4.546858086,452,49,620.3363411,67.24885114
598,0.858021772,16119,18786.23657,-43.426947,-22.805805,7717.567155,8.151209524,597,935,695.7865398,1089.715938
599,0.774116815,10536,13610.34898,-43.414175,-22.805226,7716.895717,5.974523372,764,1559,986.9311522,2013.90794
6,5.067155916,20289,4004.021257,-43.220414,-22.878946,7714.841412,9.186702767,1185,1757,233.8589969,346.7428335
600,0.87953923,10733,12202.98041,-43.418519,-22.808939,7717.469281,6.374994262,544,1042,618.5056689,1184.711226
602,0.66268663,9437,14240.51668,-43.407296,-22.815632,7717.586531,17.87292104,314,19,473.8287842,28.67116847
603,0.469743072,7251,15436.09779,-43.413041,-22.817291,7718.025771,5.563293817,197,21,419.3781911,44.70528941
604,9.222641371,16630,1803.171058,-43.03619,-22.95602,7713.631396,9.259311377,833,864,90.32119612,93.68248914
605,2.71106217,1068,393.9415376,-43.030513,-22.972633,7714.996746,7.69243511,56,101,20.65611059,37.25477088
606,2.568217097,3289,1280.654974,-43.072847,-22.927327,7712.553113,6.384867175,358,673,139.3963152,262.0494976
608,2.958713681,3556,1201.873646,-43.056147,-22.957205,7714.69827,8.077710235,179,203,60.49926396,68.61089712
609,8.68236797,3916,451.0290296,-43.035758,-22.924039,7710.462483,11.92230999,151,14,17.39156881,1.612463334
61,0.947304974,29337,30968.90737,-43.236841,-22.869508,7714.699837,7.092564391,1381,1064,1457.819855,1123.186333
610,9.764467648,16792,1719.704607,-43.004486,-22.930789,7709.63839,10.20627728,847,365,86.74308017,37.38043006
611,1.859040362,1531,823.543174,-43.015409,-22.948234,7711.875797,8.009623167,200,468,107.5823872,251.742786
612,6.212063248,1723,277.3635637,-43.026319,-22.902011,7707.844456,13.31412348,87,11,14.00500873,1.77074823
613,3.506581185,3763,1073.125019,-43.036178,-22.894312,7707.556184,7.595017448,241,238,68.72791111,67.87237695
614,2.692131602,7235,2687.461487,-43.0351,-22.882615,7706.353414,8.387993823,556,464,206.5277936,172.3541299
615,4.23134129,1415,334.4093286,-42.972087,-22.91296,7706.341477,9.640702369,135,155,31.90477694,36.63141056
616,8.099118988,3841,474.2491135,-43.000698,-22.904592,7706.87872,8.395823817,247,146,30.49714424,18.02665206
618,8.893342697,11055,1243.064658,-43.10332,-22.937503,7715.007333,7.905883497,556,322,62.51867481,36.20685843
619,4.004665284,12227,3053.189001,-43.086382,-22.916343,7712.117379,7.052612415,815,1042,203.5126389,260.1965273
620,3.824140164,13314,3481.566948,-43.054372,-22.898739,7708.858889,6.919378604,737,365,192.7230615,95.44629232
621,4.201474941,8555,2036.1897,-43.055693,-22.91856,7710.872766,6.788376113,424,179,100.9169413,42.60408607
622,2.496630942,23712,9497.599184,-43.091273,-22.869488,7707.739988,6.220304404,1469,1051,588.3929319,420.9673053
623,2.106881186,7415,3519.420103,-43.049241,-22.878932,7706.664808,7.41677092,423,132,200.770695,62.65184809
624,1.955127567,2825,1444.918504,-43.062539,-22.875803,7706.990816,8.07928603,178,102,91.04265265,52.17050882
625,2.047370177,7514,3670.073973,-43.065983,-22.888279,7708.38288,6.605482784,416,201,203.1874864,98.17472299
626,1.377855761,4195,3044.585738,-43.080136,-22.89202,7709.425928,4.915564828,312,305,226.4387962,221.3584386
627,2.149192042,13515,6288.409662,-43.069606,-22.9102,7710.713015,6.323108678,992,1015,461.5688039,472.2705
628,1.534954616,8674,5650.98141,-43.072566,-22.898576,7709.710137,4.820676304,471,119,306.8494633,77.52672214
629,2.958202082,28586,9663.301969,-43.089183,-22.902058,7710.845217,6.775005142,1514,622,511.7973547,210.2628498
63,0.786913253,4868,6186.196482,-43.244519,-22.864124,7714.538225,8.52593087,261,37,331.6756947,47.01915978
630,0.476653994,9794,20547.39942,-43.098268,-22.904644,7711.533034,5.7742118,762,1257,1598.6439,2637.133047
632,1.493771388,13578,9089.744324,-43.098233,-22.892357,7710.322342,5.598369105,689,216,461.2486257,144.60044
633,1.658472522,17183,10360.73843,-43.121213,-22.893135,7711.495581,8.494744655,1809,5813,1090.76272,3505.032445
634,0.605766067,4097,6763.336905,-43.118504,-22.887616,7710.823285,6.717770855,436,1168,719.7497903,1928.137053
635,0.729123407,17166,23543.33963,-43.123063,-22.902695,7712.524433,7.31209338,880,573,1206.928747,785.8751955
636,1.201990134,6918,5755.454896,-43.130945,-22.902047,7712.836943,7.698984242,358,410,297.8393832,341.1009696
638,2.015395288,5759,2857.503952,-43.118487,-22.870139,7709.103041,7.770500015,563,1092,279.3496658,541.8291918
639,1.25808979,9020,7169.599553,-43.108889,-22.886486,7710.253167,7.720481809,861,1222,684.3708665,971.3138198
64,0.969915094,10847,11183.45314,-43.247512,-22.84416,7712.719157,2.739920353,682,230,703.1543323,237.134159
641,0.803842292,21594,26863.47834,-43.102863,-22.904555,7711.743486,6.855821684,1126,785,1400.77228,976.5597154
642,0.996215866,30848,30965.17638,-43.106488,-22.909102,7712.363838,7.614744866,1598,2029,1604.070016,2036.707173
643,0.695827022,26803,38519.6308,-43.113306,-22.902582,7712.047645,7.803061416,1263,982,1815.106283,1411.270285
644,2.08808324,16542,7922.097972,-43.101834,-22.864234,7707.727053,5.814640325,1067,1062,510.9949544,508.6004139
645,3.311299987,34623,10456.01429,-43.084097,-22.875899,7708.028455,6.65269395,1887,555,569.8668218,167.6078888
646,1.583338605,16638,10508.17554,-43.09188,-22.884158,7709.212467,6.968896114,1205,1032,761.0500979,651.7873037
649,0.536260921,3223,6010.134011,-43.075392,-22.883936,7708.404136,6.791800836,222,112,413.9775831,208.8535555
65,0.102033027,2926,28676.98901,-43.181903,-22.95509,7720.487976,10.77114896,108,198,1058.480797,1940.548128
650,8.009127593,16618,2074.882664,-43.075178,-22.94626,7714.527582,8.107521724,820,835,102.383186,104.2560491
651,2.417827605,8330,3445.241498,-43.522859,-22.745767,7716.297766,11.91449244,359,444,148.4803959,183.6359214
652,8.396524731,45143,5376.391,-43.527634,-22.714191,7713.430649,19.40338069,1078,367,128.3864497,43.7085594
654,5.41532665,41142,7597.325639,-43.463871,-22.761065,7714.953739,3.527897793,539,156,99.53231538,28.80712653
655,8.702804951,71435,8208.273126,-43.450442,-22.753024,7713.517364,10.41287324,2587,5743,297.2604826,659.9021847
656,5.745574304,60158,10470.31973,-43.431108,-22.748019,7712.094624,8.690841721,1743,1278,303.3639298,222.4320725
657,14.35100714,114794,7999.020476,-43.50005,-22.757981,7716.395517,13.8200217,2826,1979,196.9199772,137.8997293
658,99.9420549,65424,654.6193198,-43.554387,-22.789981,7722.157099,16.18855211,1733,858,17.34004771,8.584974572
659,6.396424239,21730,3397.210564,-43.532947,-22.764156,7718.58875,13.89080763,690,478,107.8727699,74.72925217
66,0.814880038,11228,13778.71524,-43.177137,-22.954737,7720.225626,10.34526396,490,864,601.3155028,1060.278764
661,16.13162486,118457,7343.153653,-43.458029,-22.724523,7711.085728,12.5504633,3069,1987,190.2474194,123.1742008
662,4.657813215,22282,4783.78994,-43.469445,-22.703128,7709.536602,14.81267915,609,301,130.7480511,64.62259994
663,33.76718593,43095,1276.239012,-43.420854,-22.677935,7704.720956,15.12203211,1045,257,30.94720425,7.610939227
665,5.790125537,28998,5008.18157,-43.42546,-22.695839,7706.700404,12.72292416,845,732,145.9381139,126.4221294
666,1.689640418,13993,8281.643744,-43.427361,-22.709464,7708.129447,10.60506344,365,166,216.0222945,98.24575585
667,30.86253576,61437,1990.66598,-43.616866,-22.839719,7730.052685,15.00887227,1722,1077,55.79580413,34.89667889
669,56.2651384,18584,330.2933313,-43.661734,-22.591828,7707.924911,22.41495621,553,328,9.828466005,5.829542223
67,2.449687436,6932,2829.748767,-43.161936,-22.950436,7719.076694,11.28105591,359,677,146.5493086,276.3617881
672,12.13512242,20261,1669.616449,-43.701156,-22.633894,7713.959748,19.18860474,578,334,47.63033944,27.52341414
673,48.67468212,3318,68.16685504,-43.763944,-22.665241,7720.079395,12.03765592,80,64,1.64356492,1.314851936
674,3.269507778,17980,5499.298739,-43.567365,-22.70046,7714.003704,9.797441579,405,433,123.871857,132.4358373
675,1.677190175,14607,8709.209141,-43.573084,-22.720828,7716.27768,14.6567392,437,549,260.5548295,327.333184
676,19.28883198,17551,909.9047582,-43.602249,-22.712115,7716.83368,18.09690813,331,150,17.16018888,7.776520639
677,33.02543332,11229,340.0106788,-43.596343,-22.745703,7719.841509,19.0617551,232,217,7.024888902,6.570693499
679,7.778615532,18126,2330.234722,-43.543447,-22.694191,7712.232751,12.21228067,417,344,53.60851148,44.22380803
680,3.095571922,23263,7514.927963,-43.56555,-22.718239,7715.659597,5.854557969,380,81,122.7559913,26.16640868
681,6.752271501,32067,4749.068516,-43.54938,-22.7182,7714.874354,14.44779601,781,941,115.6647803,139.36051
682,5.463421181,44198,8089.802806,-43.050658,-22.806759,7699.629118,7.410453823,1090,486,199.5086895,88.95525054
683,14.78737362,59282,4008.960721,-43.05068,-22.788365,7697.819971,8.677866294,1395,987,94.33723907,66.74613259
684,24.05531156,29820,1239.643058,-43.022274,-22.76289,7693.957339,10.23949423,869,919,36.12507773,38.20362075
685,4.812747109,57513,11950.13964,-43.016227,-22.806792,7697.990223,8.075881625,1542,1482,320.3991328,307.9322405
686,1.165340846,11922,10230.48324,-43.006056,-22.829366,7699.727648,7.761144203,926,2630,794.6173026,2256.850438
687,9.816036341,61213,6236.020108,-43.021272,-22.836727,7701.177398,8.272847888,1817,1873,185.1052642,190.8102145
688,1.604905619,17135,10676.64029,-43.032387,-22.817786,7699.842888,6.714712969,537,791,334.5991151,492.8638734
689,4.643582431,43493,9366.259918,-43.04212,-22.833028,7701.807215,7.297301942,1060,507,228.2720326,109.1829439
69,1.03730597,12730,12272.17462,-43.2009,-22.954949,7721.381679,9.48530988,566,663,545.6442132,639.1556773
690,1.001311596,12638,12621.44576,-43.047671,-22.822682,7701.053698,5.943291913,612,1618,611.1983547,1615.880617
691,9.008554095,78801,8747.352701,-42.986397,-22.834551,7699.301631,8.869201813,2015,1062,223.6762946,117.8879528
692,16.38480942,37713,2301.705137,-42.975421,-22.85377,7700.671412,10.0582947,1042,526,63.59549101,32.10290621
693,44.73710612,62918,1406.394053,-42.959848,-22.875814,7702.101166,12.0179025,1751,1393,39.13976902,31.1374633
694,17.27544399,15148,876.8515594,-42.923363,-22.841657,7697.001808,12.4784065,446,336,25.81699205,19.44957248
695,8.085570612,9136,1129.91407,-42.940324,-22.822971,7695.968133,9.55735326,275,161,34.01120504,19.91201459
696,4.739537739,16520,3485.571992,-42.946001,-22.805406,7694.50845,10.51383498,426,167,89.88218334,35.2355038
697,8.915794544,67237,7541.335735,-42.976577,-22.817065,7697.112281,9.002489268,1933,1448,216.8062522,162.4084082
698,19.0997482,96008,5026.663128,-42.990637,-22.789858,7695.103433,10.25987642,2353,1469,123.1953414,76.91200873
699,14.74828609,27927,1893.575961,-42.965584,-22.773091,7692.258892,12.0880841,819,704,55.53187638,47.73436016
7,0.949111747,13102,13804.48619,-43.187698,-22.932961,7718.588414,7.56170182,575,578,605.8296108,608.9904609
701,4.039492374,15587,3858.653156,-43.098003,-22.838741,7705.035911,7.104471415,672,1250,166.3575365,309.4448223
702,3.558167753,42298,11887.57893,-43.081562,-22.844485,7704.816297,3.367025271,655,121,184.0835074,34.00626626
703,1.304960408,14931,11441.72644,-43.079065,-22.833077,7703.574577,6.477831401,336,96,257.4790759,73.56545026
704,2.815275318,34970,12421.52047,-43.07974,-22.82462,7702.774633,6.470531714,966,803,343.1280748,285.2296522
705,3.813615961,35143,9215.138693,-43.063278,-22.814438,7700.987004,6.902834527,1081,986,283.4580123,258.5472712
706,1.530764989,18669,12195.86294,-43.064932,-22.830079,7702.605125,6.417298138,895,1624,584.6749869,1060.907462
707,5.39361257,35446,6571.847633,-43.061525,-22.845651,7703.975041,7.849197222,1031,926,191.1520315,171.6845599
708,13.23477895,32210,2433.739175,-43.048155,-22.861857,7704.932428,8.085692191,963,810,72.76283222,61.20238224
709,1.269260815,14294,11261.6728,-43.091271,-22.857151,7706.525966,5.95481714,422,536,332.4769779,422.2930335
71,0.134267876,3259,24272.37318,-43.191986,-22.952218,7720.68718,11.06705725,102,18,759.6753802,134.0603612
710,1.084242204,12072,11134.04363,-43.361732,-22.798495,7713.712917,6.862243825,621,1026,572.7502563,946.2830321
711,5.986912494,47310,7902.236762,-43.352667,-22.788155,7712.26169,7.64957128,1367,989,228.3313814,165.1936622
712,2.08234036,28667,13766.7216,-43.351,-22.77257,7710.650819,7.869727033,786,475,377.4599077,228.1087228
713,1.49645341,20063,13407.03283,-43.365911,-22.779441,7712.042435,6.91692773,784,1179,523.9053851,787.8628177
714,3.188749029,41608,13048.37716,-43.336766,-22.793043,7711.977831,7.551363548,1217,906,381.6543695,284.1239595
716,3.445861352,45310,13149.10711,-43.343634,-22.764136,7709.468392,8.100094971,1246,533,361.5931904,154.678307
717,1.902221245,26967,14176.58438,-43.370988,-22.769022,7711.263321,7.883050185,818,515,430.0235853,270.7361203
718,2.318354286,37322,16098.48858,-43.373645,-22.796528,7714.092359,7.074374984,1046,544,451.1821192,234.6492092
719,0.779868151,11786,15112.81103,-43.384335,-22.786167,7713.588878,3.533453807,265,28,339.8010286,35.90350491
72,1.448432115,17921,12372.68893,-43.187525,-22.957965,7721.039283,10.56313904,713,1328,492.2564147,916.8534625
720,3.608271094,52292,14492.25921,-43.382097,-22.777272,7712.607753,8.50122139,1681,1785,465.8740866,494.6967547
721,0.562675318,8931,15872.38628,-43.37648,-22.804538,7715.015295,6.168942143,437,14094,776.646826,25048.19305
722,3.75420782,56680,15097.72573,-43.397793,-22.789991,7714.611694,8.34247551,1687,926,449.3624437,246.6565636
723,3.632245092,56382,15522.63093,-43.388123,-22.803635,7715.486403,7.294857378,1507,495,414.8949098,136.2793499
724,12.64367864,19274,1524.398125,-43.639933,-22.817157,7728.955318,14.10752823,653,1138,51.6463617,90.00545116
726,17.1755095,4392,255.7129382,-43.667209,-22.733338,7722.058702,15.767023,123,160,7.161359608,9.315589734
727,26.59959718,18697,702.9053814,-43.681621,-22.771414,7726.488565,11.9568174,641,603,24.09810929,22.66951623
728,72.2188286,4236,58.65506381,-43.690596,-22.685293,7718.483645,16.65737529,130,135,1.800084583,1.869318606
729,109.8836224,18868,171.7089371,-43.740137,-22.779872,7730.152845,17.93958841,439,409,3.995135859,3.722119741
73,0.753884275,13487,17890.01369,-43.193612,-22.948946,7720.443076,12.11602986,493,389,653.9465224,515.9943148
730,145.5826816,30482,209.3793002,-42.725592,-22.781624,7681.69903,25.14764852,511,188,3.510032885,1.291362392
75,0.731701471,16517,22573.41368,-43.181949,-22.945293,7719.5266,9.684562074,827,1701,1130.242363,2324.718573
76,0.999277483,13444,13453.72054,-43.164755,-22.962194,7720.367876,10.53873946,437,300,437.3159681,300.2169117
77,0.431251834,5703,13224.2916,-43.179239,-22.962354,7721.075202,10.74866411,251,405,582.0265109,939.1264419
79,0.332198873,9333,28094.61668,-43.184775,-22.972026,7722.290887,11.97067514,441,814,1327.51805,2450.339439
8,0.995950645,14487,14545.90152,-43.192488,-22.938798,7719.391353,7.532529428,546,596,548.2199373,598.4232283
80,0.209222643,6551,31311.14249,-43.188625,-22.977173,7722.980983,13.91682787,279,344,1333.507671,1644.181502
81,0.252865237,3529,13956.05044,-43.188441,-22.984304,7723.673563,11.91258444,127,200,502.2438101,790.9351339
82,0.312020027,17775,56967.49719,-43.192783,-22.983373,7723.789349,10.54918357,686,561,2198.576825,1797.961515
83,0.10591235,7496,70775.50438,-43.189205,-22.971924,7722.492426,11.61634233,273,109,2577.603081,1029.152878
84,0.220471847,14597,66207.99979,-43.191547,-22.975856,7722.991005,11.51659534,565,585,2562.685475,2653.400005
85,0.905004539,14241,15735.83268,-43.193699,-22.967755,7722.297057,11.33729665,493,130,544.748649,143.6456884
86,0.106096372,4086,38512.15559,-43.193957,-22.975023,7723.024187,51.18693983,2,4,18.8507859,37.7015718
88,0.157805474,8156,51683.88525,-43.182536,-22.964788,7721.472059,8.792674903,272,110,1723.641097,697.0607378
89,0.316704949,19161,60501.10689,-43.188468,-22.966952,7721.968216,10.80923384,709,519,2238.676728,1638.749255
9,0.933880977,7157,7663.717514,-43.201618,-22.941786,7720.121523,8.046863821,292,327,312.6736781,350.1516874
90,0.320888749,19284,60095.59405,-43.178406,-22.963761,7721.173812,10.62975112,705,423,2197.023118,1318.213871
91,0.083496708,3774,45199.38698,-43.185501,-22.969337,7722.061082,10.03333992,153,185,1832.40758,2215.656225
92,0.458702217,10618,23147.91518,-43.194421,-22.986707,7724.195482,11.59460611,406,523,885.1058167,1140.173256
93,0.486544038,13977,28727.10155,-43.200145,-22.982896,7724.094062,10.73735863,537,518,1103.702764,1064.651828
94,0.547177088,10914,19946.0106,-43.205721,-22.983713,7724.440772,9.699404266,515,1060,941.1943798,1937.215617
95,0.469361149,8155,17374.6805,-43.212163,-22.984333,7724.809513,8.430593034,411,849,875.6583303,1808.84166
96,0.463443962,11765,25386.02499,-43.219473,-22.985002,7725.224592,8.424780446,638,1546,1376.649719,3335.894147
97,0.468069415,12054,25752.59055,-43.225816,-22.98563,7725.589475,8.803813571,477,762,1019.079616,1627.963663
98,0.612883613,11881,19385.4098,-43.217811,-22.980064,7724.659587,10.01162505,424,97,691.8116115,158.2682224
99,0.891239059,10675,11977.70665,-43.23067,-22.983896,7725.650973,8.743910144,644,983,722.5895157,1102.958841